Month,Department,Account,Budget,Actual,Variance,VariancePct
2025-01-01,Sales,Revenue,441000.0,442889.93,1889.929999999993,0.00428555555555554
2025-01-01,Sales,COGS,185220.0,188047.54,2827.540000000008,0.015265846020948106
2025-01-01,Sales,Payroll,180000.0,198871.58,18871.579999999987,0.10484211111111104
2025-01-01,Sales,Software,28000.0,28367.64,367.6399999999994,0.013129999999999978
2025-01-01,Sales,Travel,16800.0,17162.35,362.34999999999854,0.021568452380952296
2025-01-01,Sales,Facilities,19000.0,19712.06,712.0600000000013,0.037476842105263225
2025-01-01,Sales,Other OpEx,24000.0,22966.37,-1033.630000000001,-0.043067916666666706
2025-01-01,Marketing,Revenue,156800.0,158592.07,1792.070000000007,0.011429017857142901
2025-01-01,Marketing,COGS,65856.0,67726.09,1870.0899999999965,0.028396653304178763
2025-01-01,Marketing,Payroll,180000.0,194147.17,14147.170000000013,0.07859538888888896
2025-01-01,Marketing,Software,28000.0,26287.09,-1712.9099999999999,-0.061175357142857135
2025-01-01,Marketing,Travel,14000.0,13729.52,-270.47999999999956,-0.01931999999999997
2025-01-01,Marketing,Facilities,19000.0,17824.55,-1175.4500000000007,-0.06186578947368425
2025-01-01,Marketing,Other OpEx,24000.0,25966.29,1966.2900000000009,0.08192875000000004
2025-01-01,R&D,Revenue,117600.0,121505.8,3905.800000000003,0.03321258503401363
2025-01-01,R&D,COGS,49392.0,49387.95,-4.05000000000291,-8.199708454816387e-05
2025-01-01,R&D,Payroll,252000.0,281342.55,29342.54999999999,0.11643869047619043
2025-01-01,R&D,Software,39200.0,43627.7,4427.699999999997,0.11295153061224482
2025-01-01,R&D,Travel,14000.0,14710.98,710.9799999999996,0.050784285714285685
2025-01-01,R&D,Facilities,19000.0,19819.14,819.1399999999994,0.04311263157894734
2025-01-01,R&D,Other OpEx,24000.0,22835.97,-1164.0299999999988,-0.048501249999999954
2025-01-01,Operations,Revenue,98000.0,93276.41,-4723.5899999999965,-0.04819989795918364
2025-01-01,Operations,COGS,41160.0,39501.94,-1658.0599999999977,-0.04028328474246836
2025-01-01,Operations,Payroll,180000.0,167743.84,-12256.160000000003,-0.06808977777777779
2025-01-01,Operations,Software,28000.0,26825.17,-1174.8300000000017,-0.04195821428571435
2025-01-01,Operations,Travel,14000.0,13557.44,-442.5599999999995,-0.03161142857142853
2025-01-01,Operations,Facilities,19000.0,17594.31,-1405.6899999999987,-0.07398368421052624
2025-01-01,Operations,Other OpEx,24000.0,24306.89,306.8899999999994,0.012787083333333308
2025-01-01,G&A,Revenue,68600.0,68796.45,196.4499999999971,0.002863702623906663
2025-01-01,G&A,COGS,28812.0,29891.02,1079.0200000000004,0.037450367902262964
2025-01-01,G&A,Payroll,180000.0,184288.47,4288.470000000001,0.02382483333333334
2025-01-01,G&A,Software,28000.0,29345.63,1345.630000000001,0.04805821428571432
2025-01-01,G&A,Travel,14000.0,14279.36,279.3600000000006,0.019954285714285754
2025-01-01,G&A,Facilities,19000.0,19997.31,997.3100000000013,0.05249000000000007
2025-01-01,G&A,Other OpEx,24000.0,24275.18,275.1800000000003,0.011465833333333345
2025-02-01,Sales,Revenue,445410.0,438007.08,-7402.919999999984,-0.016620462046204584
2025-02-01,Sales,COGS,187072.2,192687.18,5614.979999999981,0.030015042320558485
2025-02-01,Sales,Payroll,180720.0,202250.68,21530.679999999993,0.11913833554670204
2025-02-01,Sales,Software,28112.0,30587.07,2475.0699999999997,0.08804318440523619
2025-02-01,Sales,Travel,16867.2,17905.58,1038.380000000001,0.06156208499335995
2025-02-01,Sales,Facilities,19076.0,18752.77,-323.22999999999956,-0.01694432795135246
2025-02-01,Sales,Other OpEx,24096.0,23275.13,-820.869999999999,-0.03406665006640102
2025-02-01,Marketing,Revenue,158368.0,155942.56,-2425.4400000000023,-0.015315215194988902
2025-02-01,Marketing,COGS,66514.56,63540.02,-2974.540000000001,-0.04472013345649435
2025-02-01,Marketing,Payroll,180720.0,193959.11,13239.109999999986,0.0732575807879592
2025-02-01,Marketing,Software,28112.0,28114.25,2.25,8.003699487763233e-05
2025-02-01,Marketing,Travel,14056.0,15311.44,1255.4400000000005,0.0893170176437109
2025-02-01,Marketing,Facilities,19076.0,19024.55,-51.45000000000073,-0.0026971063115957604
2025-02-01,Marketing,Other OpEx,24096.0,26785.32,2689.3199999999997,0.11160856573705179
2025-02-01,R&D,Revenue,118776.0,124914.01,6138.009999999995,0.05167719067825145
2025-02-01,R&D,COGS,49885.92,50592.56,706.6399999999994,0.014165119135820277
2025-02-01,R&D,Payroll,253008.0,243379.4,-9628.600000000006,-0.03805650414216154
2025-02-01,R&D,Software,39356.8,43373.33,4016.529999999999,0.10205428286852586
2025-02-01,R&D,Travel,14056.0,14252.75,196.75,0.01399758110415481
2025-02-01,R&D,Facilities,19076.0,21290.19,2214.1899999999987,0.11607202767875859
2025-02-01,R&D,Other OpEx,24096.0,24083.59,-12.409999999999854,-0.0005150232403718399
2025-02-01,Operations,Revenue,98980.0,94898.52,-4081.479999999996,-0.04123540109112948
2025-02-01,Operations,COGS,41571.6,40524.6,-1047.0,-0.02518546315272927
2025-02-01,Operations,Payroll,180720.0,194400.9,13680.899999999994,0.07570219123505972
2025-02-01,Operations,Software,28112.0,27379.83,-732.1699999999983,-0.026044749573135965
2025-02-01,Operations,Travel,14056.0,13176.5,-879.5,-0.06257114399544679
2025-02-01,Operations,Facilities,19076.0,18818.8,-257.2000000000007,-0.013482910463409558
2025-02-01,Operations,Other OpEx,24096.0,26814.4,2718.4000000000015,0.1128154050464808
2025-02-01,G&A,Revenue,69286.0,72124.29,2838.2899999999936,0.0409648413820973
2025-02-01,G&A,COGS,29100.12,29508.19,408.0699999999997,0.01402296622831795
2025-02-01,G&A,Payroll,180720.0,175167.85,-5552.149999999994,-0.030722388224878234
2025-02-01,G&A,Software,28112.0,26431.16,-1680.8400000000001,-0.059790836653386456
2025-02-01,G&A,Travel,14056.0,13099.89,-956.1100000000006,-0.06802148548662497
2025-02-01,G&A,Facilities,19076.0,20590.72,1514.7200000000012,0.07940448731390234
2025-02-01,G&A,Other OpEx,24096.0,23024.59,-1071.4099999999999,-0.044464226427622836
2025-03-01,Sales,Revenue,449820.0,457518.86,7698.859999999986,0.01711542394735669
2025-03-01,Sales,COGS,188924.4,192459.82,3535.420000000013,0.01871341129044217
2025-03-01,Sales,Payroll,181440.0,173844.36,-7595.640000000014,-0.04186309523809532
2025-03-01,Sales,Software,28224.0,30097.48,1873.4799999999996,0.06637896825396823
2025-03-01,Sales,Travel,16934.4,16023.22,-911.1800000000021,-0.0538064531368104
2025-03-01,Sales,Facilities,19152.0,20085.53,933.5299999999988,0.048743212197159505
2025-03-01,Sales,Other OpEx,24192.0,22820.35,-1371.6500000000015,-0.05669849537037043
2025-03-01,Marketing,Revenue,159936.0,160014.48,78.48000000001048,0.0004906962785114701
2025-03-01,Marketing,COGS,67173.12,65998.02,-1175.0999999999913,-0.01749360458469089
2025-03-01,Marketing,Payroll,181440.0,176715.12,-4724.880000000005,-0.026041005291005316
2025-03-01,Marketing,Software,28224.0,31446.78,3222.779999999999,0.11418579931972785
2025-03-01,Marketing,Travel,14112.0,15250.59,1138.5900000000001,0.08068239795918368
2025-03-01,Marketing,Facilities,19152.0,18784.84,-367.15999999999985,-0.019170843776106925
2025-03-01,Marketing,Other OpEx,24192.0,26537.97,2345.970000000001,0.09697296626984132
2025-03-01,R&D,Revenue,119952.0,116987.41,-2964.5899999999965,-0.024714802587701718
2025-03-01,R&D,COGS,50379.84,48994.28,-1385.5599999999977,-0.027502270749569624
2025-03-01,R&D,Payroll,254016.0,277099.8,23083.79999999999,0.09087537792894931
2025-03-01,R&D,Software,39513.6,41424.76,1911.1600000000035,0.048367144476838445
2025-03-01,R&D,Travel,14112.0,13266.22,-845.7800000000007,-0.05993339002267578
2025-03-01,R&D,Facilities,19152.0,21409.26,2257.2599999999984,0.11786027568922297
2025-03-01,R&D,Other OpEx,24192.0,23288.4,-903.5999999999985,-0.03735119047619041
2025-03-01,Operations,Revenue,99960.0,98060.09,-1899.9100000000035,-0.019006702681072463
2025-03-01,Operations,COGS,41983.2,42366.29,383.0900000000038,0.00912484041235551
2025-03-01,Operations,Payroll,181440.0,178861.93,-2578.070000000007,-0.014208939594356299
2025-03-01,Operations,Software,28224.0,27638.77,-585.2299999999996,-0.020735189909297038
2025-03-01,Operations,Travel,14112.0,13190.2,-921.7999999999993,-0.06532029478458044
2025-03-01,Operations,Facilities,19152.0,17965.02,-1186.9799999999996,-0.06197681704260649
2025-03-01,Operations,Other OpEx,24192.0,25076.14,884.1399999999994,0.0365467923280423
2025-03-01,G&A,Revenue,69972.0,68513.89,-1458.1100000000006,-0.020838478248442243
2025-03-01,G&A,COGS,29388.24,29190.0,-198.2400000000016,-0.006745555365003198
2025-03-01,G&A,Payroll,181440.0,180413.2,-1026.7999999999884,-0.005659171075837678
2025-03-01,G&A,Software,28224.0,28524.35,300.34999999999854,0.010641652494331015
2025-03-01,G&A,Travel,14112.0,15690.1,1578.1000000000004,0.11182681405895695
2025-03-01,G&A,Facilities,19152.0,19472.7,320.7000000000007,0.01674498746867172
2025-03-01,G&A,Other OpEx,24192.0,25036.65,844.6500000000015,0.03491443452380959
2025-04-01,Sales,Revenue,454230.0,478750.73,24520.72999999998,0.05398307025075398
2025-04-01,Sales,COGS,190776.6,196957.56,6180.959999999992,0.03239894200861108
2025-04-01,Sales,Payroll,182160.0,173202.66,-8957.339999999997,-0.04917292490118575
2025-04-01,Sales,Software,28336.0,31217.34,2881.34,0.10168478260869565
2025-04-01,Sales,Travel,17001.6,18422.26,1420.6599999999999,0.08356037078863165
2025-04-01,Sales,Facilities,19228.0,18649.23,-578.7700000000004,-0.030100374453921386
2025-04-01,Sales,Other OpEx,24288.0,23266.94,-1021.0600000000013,-0.04203969038208174
2025-04-01,Marketing,Revenue,161504.0,167759.2,6255.200000000012,0.03873092926490992
2025-04-01,Marketing,COGS,67831.68,73464.13,5632.450000000012,0.08303568480096633
2025-04-01,Marketing,Payroll,182160.0,174749.36,-7410.640000000014,-0.040682037768994365
2025-04-01,Marketing,Software,28336.0,31453.73,3117.7299999999996,0.11002717391304347
2025-04-01,Marketing,Travel,14168.0,15534.33,1366.33,0.09643774703557312
2025-04-01,Marketing,Facilities,19228.0,20010.71,782.7099999999991,0.04070678177657578
2025-04-01,Marketing,Other OpEx,24288.0,24392.23,104.22999999999956,0.004291419631093526
2025-04-01,R&D,Revenue,121128.0,116580.95,-4547.050000000003,-0.037539214715012245
2025-04-01,R&D,COGS,50873.76,47373.18,-3500.5800000000017,-0.06880914640474778
2025-04-01,R&D,Payroll,255024.0,283723.46,28699.46000000002,0.11253631030804952
2025-04-01,R&D,Software,39670.4,38388.31,-1282.0900000000038,-0.03231855489231275
2025-04-01,R&D,Travel,14168.0,15031.06,863.0599999999995,0.06091614906832295
2025-04-01,R&D,Facilities,19228.0,18678.01,-549.9900000000016,-0.02860359891824431
2025-04-01,R&D,Other OpEx,24288.0,26346.25,2058.25,0.08474349472990778
2025-04-01,Operations,Revenue,100940.0,103117.88,2177.8800000000047,0.021575985734099513
2025-04-01,Operations,COGS,42394.8,42821.79,426.98999999999796,0.010071754083047873
2025-04-01,Operations,Payroll,182160.0,173978.59,-8181.4100000000035,-0.044913317962231025
2025-04-01,Operations,Software,28336.0,30151.51,1815.5099999999984,0.06407079333709763
2025-04-01,Operations,Travel,14168.0,13229.44,-938.5599999999995,-0.06624505928853751
2025-04-01,Operations,Facilities,19228.0,18568.08,-659.9199999999983,-0.03432078219263565
2025-04-01,Operations,Other OpEx,24288.0,25062.14,774.1399999999994,0.03187335309617916
2025-04-01,G&A,Revenue,70658.0,74352.56,3694.5599999999977,0.05228792210365419
2025-04-01,G&A,COGS,29676.36,31711.41,2035.0499999999993,0.06857478477818706
2025-04-01,G&A,Payroll,182160.0,177796.15,-4363.850000000006,-0.023956137461572276
2025-04-01,G&A,Software,28336.0,31267.98,2931.9799999999996,0.10347190852625633
2025-04-01,G&A,Travel,14168.0,13612.55,-555.4500000000007,-0.039204545454545506
2025-04-01,G&A,Facilities,19228.0,17753.5,-1474.5,-0.07668504264614104
2025-04-01,G&A,Other OpEx,24288.0,23652.6,-635.4000000000015,-0.02616106719367595
2025-05-01,Sales,Revenue,458640.0,460238.21,1598.210000000021,0.003484672073957834
2025-05-01,Sales,COGS,192628.8,187370.31,-5258.489999999991,-0.027298565946525084
2025-05-01,Sales,Payroll,182880.0,174696.26,-8183.739999999991,-0.04474923447069111
2025-05-01,Sales,Software,28448.0,28270.4,-177.59999999999854,-0.006242969628796349
2025-05-01,Sales,Travel,17068.8,17656.55,587.75,0.034434172290963634
2025-05-01,Sales,Facilities,19304.0,18267.68,-1036.3199999999997,-0.05368421052631577
2025-05-01,Sales,Other OpEx,24384.0,24199.39,-184.61000000000058,-0.007570948162729682
2025-05-01,Marketing,Revenue,163072.0,172352.89,9280.890000000014,0.05691283604788078
2025-05-01,Marketing,COGS,68490.24,75717.6,7227.360000000001,0.10552394034536891
2025-05-01,Marketing,Payroll,182880.0,192277.55,9397.549999999988,0.05138642825896757
2025-05-01,Marketing,Software,28448.0,30104.93,1656.9300000000003,0.058244164791901025
2025-05-01,Marketing,Travel,14224.0,14748.7,524.7000000000007,0.03688835770528689
2025-05-01,Marketing,Facilities,19304.0,18301.53,-1002.4700000000012,-0.05193068794032331
2025-05-01,Marketing,Other OpEx,24384.0,22604.36,-1779.6399999999994,-0.07298392388451441
2025-05-01,R&D,Revenue,122304.0,116451.42,-5852.580000000002,-0.047852727629513356
2025-05-01,R&D,COGS,51367.68,50872.67,-495.01000000000204,-0.009636604183798102
2025-05-01,R&D,Payroll,256032.0,271443.59,15411.590000000026,0.06019399918760165
2025-05-01,R&D,Software,39827.2,44309.92,4482.720000000001,0.11255423429214209
2025-05-01,R&D,Travel,14224.0,13146.56,-1077.4400000000005,-0.07574803149606303
2025-05-01,R&D,Facilities,19304.0,20215.86,911.8600000000006,0.04723684210526319
2025-05-01,R&D,Other OpEx,24384.0,24785.05,401.0499999999993,0.016447260498687635
2025-05-01,Operations,Revenue,101920.0,105758.28,3838.279999999999,0.037659733124018824
2025-05-01,Operations,COGS,42806.4,44012.54,1206.1399999999994,0.02817662779397472
2025-05-01,Operations,Payroll,182880.0,204802.1,21922.100000000006,0.11987150043744535
2025-05-01,Operations,Software,28448.0,26600.38,-1847.619999999999,-0.06494727221597296
2025-05-01,Operations,Travel,14224.0,14639.61,415.6100000000006,0.02921892575928013
2025-05-01,Operations,Facilities,19304.0,20605.11,1301.1100000000006,0.06740105677579779
2025-05-01,Operations,Other OpEx,24384.0,26823.36,2439.3600000000006,0.10003937007874018
2025-05-01,G&A,Revenue,71344.0,74087.22,2743.220000000001,0.038450605516932065
2025-05-01,G&A,COGS,29964.48,31830.03,1865.5499999999993,0.06225871431775219
2025-05-01,G&A,Payroll,182880.0,197264.12,14384.119999999995,0.07865332458442692
2025-05-01,G&A,Software,28448.0,31378.16,2930.16,0.10300056242969628
2025-05-01,G&A,Travel,14224.0,14086.98,-137.02000000000044,-0.009633014623172134
2025-05-01,G&A,Facilities,19304.0,20404.89,1100.8899999999994,0.05702911313717361
2025-05-01,G&A,Other OpEx,24384.0,26826.48,2442.4799999999996,0.10016732283464565
2025-06-01,Sales,Revenue,463050.0,488301.11,25251.109999999986,0.054532145556635325
2025-06-01,Sales,COGS,194481.0,204891.32,10410.320000000007,0.05352872517109644
2025-06-01,Sales,Payroll,183600.0,197940.34,14340.339999999997,0.07810642701525053
2025-06-01,Sales,Software,28560.0,31207.36,2647.3600000000006,0.09269467787114848
2025-06-01,Sales,Travel,17136.0,17728.25,592.25,0.034561741363211954
2025-06-01,Sales,Facilities,19380.0,20251.95,871.9500000000007,0.044992260061919545
2025-06-01,Sales,Other OpEx,24480.0,24393.5,-86.5,-0.003533496732026144
2025-06-01,Marketing,Revenue,164640.0,167919.87,3279.8699999999953,0.01992146501457723
2025-06-01,Marketing,COGS,69148.8,71585.98,2437.179999999993,0.0352454417141005
2025-06-01,Marketing,Payroll,183600.0,171857.02,-11742.98000000001,-0.06395958605664494
2025-06-01,Marketing,Software,28560.0,29927.48,1367.4799999999996,0.047880952380952364
2025-06-01,Marketing,Travel,14280.0,15974.53,1694.5300000000007,0.11866456582633057
2025-06-01,Marketing,Facilities,19380.0,21239.67,1859.6699999999983,0.09595820433436524
2025-06-01,Marketing,Other OpEx,24480.0,26086.9,1606.9000000000015,0.0656413398692811
2025-06-01,R&D,Revenue,123480.0,123061.69,-418.3099999999977,-0.003387674117265935
2025-06-01,R&D,COGS,51861.6,53005.91,1144.310000000005,0.02206468755302584
2025-06-01,R&D,Payroll,257040.0,266342.43,9302.429999999993,0.03619059290382817
2025-06-01,R&D,Software,39984.0,40308.05,324.0500000000029,0.00810449179671876
2025-06-01,R&D,Travel,14280.0,15531.98,1251.9799999999996,0.08767366946778708
2025-06-01,R&D,Facilities,19380.0,18154.34,-1225.6599999999999,-0.06324355005159958
2025-06-01,R&D,Other OpEx,24480.0,26194.63,1714.630000000001,0.07004207516339873
2025-06-01,Operations,Revenue,102900.0,98122.84,-4777.1600000000035,-0.04642526724975708
2025-06-01,Operations,COGS,43218.0,41804.74,-1413.260000000002,-0.0327007265491231
2025-06-01,Operations,Payroll,183600.0,186572.73,2972.7300000000105,0.016191339869281104
2025-06-01,Operations,Software,28560.0,27590.23,-969.7700000000004,-0.03395553221288517
2025-06-01,Operations,Travel,14280.0,15132.04,852.0400000000009,0.05966666666666673
2025-06-01,Operations,Facilities,19380.0,19756.94,376.9399999999987,0.01944994840041273
2025-06-01,Operations,Other OpEx,24480.0,25530.21,1050.2099999999991,0.042900735294117615
2025-06-01,G&A,Revenue,72030.0,76384.62,4354.619999999995,0.06045564348188248
2025-06-01,G&A,COGS,30252.6,31619.72,1367.1200000000026,0.04519016547338089
2025-06-01,G&A,Payroll,183600.0,169327.2,-14272.799999999988,-0.0777385620915032
2025-06-01,G&A,Software,28560.0,27994.7,-565.2999999999993,-0.019793417366946755
2025-06-01,G&A,Travel,14280.0,15074.36,794.3600000000006,0.0556274509803922
2025-06-01,G&A,Facilities,19380.0,18614.78,-765.2200000000012,-0.0394850361197111
2025-06-01,G&A,Other OpEx,24480.0,23352.0,-1128.0,-0.04607843137254902
2025-07-01,Sales,Revenue,467460.0,494893.63,27433.630000000005,0.05868658280922433
2025-07-01,Sales,COGS,196333.2,211863.79,15530.589999999997,0.07910322859302449
2025-07-01,Sales,Payroll,184320.0,185865.8,1545.7999999999884,0.008386501736111048
2025-07-01,Sales,Software,28672.0,31491.76,2819.7599999999984,0.0983454241071428
2025-07-01,Sales,Travel,17203.2,16951.9,-251.29999999999927,-0.01460774739583329
2025-07-01,Sales,Facilities,19456.0,20490.67,1034.6699999999983,0.053179995888157805
2025-07-01,Sales,Other OpEx,24576.0,23585.62,-990.380000000001,-0.040298665364583375
2025-07-01,Marketing,Revenue,166208.0,166491.79,283.79000000000815,0.0017074388717751741
2025-07-01,Marketing,COGS,69807.36,72125.84,2318.479999999996,0.03321254377761881
2025-07-01,Marketing,Payroll,184320.0,203276.25,18956.25,0.10284423828125
2025-07-01,Marketing,Software,28672.0,31426.05,2754.0499999999993,0.09605364118303569
2025-07-01,Marketing,Travel,14336.0,14291.33,-44.67000000000007,-0.003115931919642862
2025-07-01,Marketing,Facilities,19456.0,20168.51,712.5099999999984,0.03662160773026307
2025-07-01,Marketing,Other OpEx,24576.0,24165.52,-410.47999999999956,-0.016702473958333314
2025-07-01,R&D,Revenue,124656.0,120460.22,-4195.779999999999,-0.03365886920806058
2025-07-01,R&D,COGS,52355.52,50879.55,-1475.969999999994,-0.028191296734327038
2025-07-01,R&D,Payroll,258048.0,280606.33,22558.330000000016,0.0874191235739088
2025-07-01,R&D,Software,40140.8,43743.2,3602.399999999994,0.08974410076530596
2025-07-01,R&D,Travel,14336.0,15228.32,892.3199999999997,0.06224330357142855
2025-07-01,R&D,Facilities,19456.0,21596.16,2140.16,0.10999999999999999
2025-07-01,R&D,Other OpEx,24576.0,23970.43,-605.5699999999997,-0.02464070638020832
2025-07-01,Operations,Revenue,103880.0,100794.29,-3085.7100000000064,-0.029704562957258436
2025-07-01,Operations,COGS,43629.6,42411.49,-1218.1100000000006,-0.02791934833232486
2025-07-01,Operations,Payroll,184320.0,179718.0,-4602.0,-0.024967447916666666
2025-07-01,Operations,Software,28672.0,27605.86,-1066.1399999999994,-0.037184012276785694
2025-07-01,Operations,Travel,14336.0,14376.1,40.100000000000364,0.002797154017857168
2025-07-01,Operations,Facilities,19456.0,20334.37,878.369999999999,0.04514648437499995
2025-07-01,Operations,Other OpEx,24576.0,25037.42,461.41999999999825,0.01877522786458326
2025-07-01,G&A,Revenue,72716.0,71832.11,-883.8899999999994,-0.012155371582595295
2025-07-01,G&A,COGS,30540.72,31201.65,660.9300000000003,0.02164094363197725
2025-07-01,G&A,Payroll,184320.0,205776.19,21456.190000000002,0.11640728081597224
2025-07-01,G&A,Software,28672.0,28972.93,300.9300000000003,0.010495605468750011
2025-07-01,G&A,Travel,14336.0,13403.24,-932.7600000000002,-0.06506417410714287
2025-07-01,G&A,Facilities,19456.0,18022.04,-1433.9599999999991,-0.07370271381578943
2025-07-01,G&A,Other OpEx,24576.0,26900.05,2324.0499999999993,0.09456583658854163
2025-08-01,Sales,Revenue,471870.0,450625.76,-21244.23999999999,-0.04502138300803185
2025-08-01,Sales,COGS,198185.4,193679.89,-4505.50999999998,-0.02273381389345522
2025-08-01,Sales,Payroll,185040.0,191352.9,6312.899999999994,0.034116407263294395
2025-08-01,Sales,Software,28784.0,28260.31,-523.6899999999987,-0.01819378821567533
2025-08-01,Sales,Travel,17270.4,18622.72,1352.3199999999997,0.07830276079303314
2025-08-01,Sales,Facilities,19532.0,18044.11,-1487.8899999999994,-0.07617704280155639
2025-08-01,Sales,Other OpEx,24672.0,23368.73,-1303.2700000000004,-0.052823848897535684
2025-08-01,Marketing,Revenue,167776.0,168544.4,768.3999999999942,0.004579916078580931
2025-08-01,Marketing,COGS,70465.92,68406.35,-2059.5699999999924,-0.029227887750560733
2025-08-01,Marketing,Payroll,185040.0,200941.17,15901.170000000013,0.08593369001297024
2025-08-01,Marketing,Software,28784.0,27848.0,-936.0,-0.032518065591995556
2025-08-01,Marketing,Travel,14392.0,13646.13,-745.8700000000008,-0.051825319622012284
2025-08-01,Marketing,Facilities,19532.0,18152.82,-1379.1800000000003,-0.07061130452590622
2025-08-01,Marketing,Other OpEx,24672.0,25802.87,1130.869999999999,0.04583617055771721
2025-08-01,R&D,Revenue,125832.0,126282.19,450.1900000000023,0.003577706783648057
2025-08-01,R&D,COGS,52849.44,53928.65,1079.2099999999991,0.020420462354946413
2025-08-01,R&D,Payroll,259056.0,272270.09,13214.090000000026,0.051008623618059516
2025-08-01,R&D,Software,40297.6,43580.93,3283.3300000000017,0.08147706066862548
2025-08-01,R&D,Travel,14392.0,15999.47,1607.4699999999993,0.11169191217342964
2025-08-01,R&D,Facilities,19532.0,20643.34,1111.3400000000001,0.056898423100552944
2025-08-01,R&D,Other OpEx,24672.0,23681.87,-990.130000000001,-0.04013172827496762
2025-08-01,Operations,Revenue,104860.0,105595.81,735.8099999999977,0.007017070379553668
2025-08-01,Operations,COGS,44041.2,43426.7,-614.5,-0.013952844155018483
2025-08-01,Operations,Payroll,185040.0,170635.25,-14404.75,-0.07784668179853005
2025-08-01,Operations,Software,28784.0,29199.64,415.6399999999994,0.014439966648137834
2025-08-01,Operations,Travel,14392.0,15296.31,904.3099999999995,0.0628342134519177
2025-08-01,Operations,Facilities,19532.0,18669.07,-862.9300000000003,-0.044180319475732144
2025-08-01,Operations,Other OpEx,24672.0,24042.15,-629.8499999999985,-0.025528939688715894
2025-08-01,G&A,Revenue,73402.0,72777.26,-624.7400000000052,-0.008511212228549702
2025-08-01,G&A,COGS,30828.84,31250.99,422.15000000000146,0.013693346879091184
2025-08-01,G&A,Payroll,185040.0,189496.61,4456.609999999986,0.024084576307825258
2025-08-01,G&A,Software,28784.0,30018.53,1234.5299999999988,0.0428894524735964
2025-08-01,G&A,Travel,14392.0,15417.31,1025.3099999999995,0.07124166203446355
2025-08-01,G&A,Facilities,19532.0,19506.67,-25.330000000001746,-0.0012968462011059669
2025-08-01,G&A,Other OpEx,24672.0,26605.95,1933.9500000000007,0.07838642996108952
2025-09-01,Sales,Revenue,476280.0,504260.71,27980.71000000002,0.05874844629209713
2025-09-01,Sales,COGS,200037.6,205764.76,5727.1600000000035,0.02863041748151349
2025-09-01,Sales,Payroll,185760.0,205547.3,19787.29999999999,0.1065207795004306
2025-09-01,Sales,Software,28896.0,30759.08,1863.0800000000017,0.06447535991140649
2025-09-01,Sales,Travel,17337.6,16401.06,-936.5399999999972,-0.054017857142856986
2025-09-01,Sales,Facilities,19608.0,19817.95,209.95000000000073,0.010707364341085308
2025-09-01,Sales,Other OpEx,24768.0,25885.28,1117.2799999999988,0.04510981912144698
2025-09-01,Marketing,Revenue,169344.0,179368.46,10024.459999999992,0.05919583805744515
2025-09-01,Marketing,COGS,71124.48,75009.75,3885.270000000004,0.05462633962315091
2025-09-01,Marketing,Payroll,185760.0,192031.78,6271.779999999999,0.03376281223083548
2025-09-01,Marketing,Software,28896.0,31666.09,2770.09,0.09586413344407531
2025-09-01,Marketing,Travel,14448.0,15594.5,1146.5,0.07935354374307863
2025-09-01,Marketing,Facilities,19608.0,21742.36,2134.3600000000006,0.10885148918808653
2025-09-01,Marketing,Other OpEx,24768.0,25083.58,315.58000000000175,0.012741440568475523
2025-09-01,R&D,Revenue,127008.0,130584.38,3576.3800000000047,0.028158698664651084
2025-09-01,R&D,COGS,53343.36,53823.13,479.7699999999968,0.008993996628633757
2025-09-01,R&D,Payroll,260064.0,276808.77,16744.77000000002,0.06438711240310084
2025-09-01,R&D,Software,40454.4,43839.18,3384.779999999999,0.08366901993355479
2025-09-01,R&D,Travel,14448.0,15146.17,698.1700000000001,0.04832295127353267
2025-09-01,R&D,Facilities,19608.0,20853.74,1245.7400000000016,0.06353223174214614
2025-09-01,R&D,Other OpEx,24768.0,23843.15,-924.8499999999985,-0.037340520025839735
2025-09-01,Operations,Revenue,105840.0,111978.51,6138.509999999995,0.057998015873015826
2025-09-01,Operations,COGS,44452.8,49194.09,4741.289999999994,0.1066589731130546
2025-09-01,Operations,Payroll,185760.0,207210.02,21450.01999999999,0.11547168389319547
2025-09-01,Operations,Software,28896.0,29687.5,791.5,0.027391334440753045
2025-09-01,Operations,Travel,14448.0,15577.22,1129.2199999999993,0.07815753045404204
2025-09-01,Operations,Facilities,19608.0,19295.82,-312.1800000000003,-0.01592105263157896
2025-09-01,Operations,Other OpEx,24768.0,27294.29,2526.290000000001,0.10199814276485791
2025-09-01,G&A,Revenue,74088.0,77991.99,3903.9900000000052,0.052693958535795345
2025-09-01,G&A,COGS,31116.96,32538.08,1421.1200000000026,0.04567027113188443
2025-09-01,G&A,Payroll,185760.0,173974.37,-11785.630000000005,-0.0634454672695952
2025-09-01,G&A,Software,28896.0,29132.38,236.38000000000102,0.008180370985603579
2025-09-01,G&A,Travel,14448.0,14882.31,434.3099999999995,0.03006021594684382
2025-09-01,G&A,Facilities,19608.0,21052.06,1444.0600000000013,0.07364647082823345
2025-09-01,G&A,Other OpEx,24768.0,25201.18,433.1800000000003,0.01748950258397934
2025-10-01,Sales,Revenue,480690.0,458294.29,-22395.71000000002,-0.04659075495641686
2025-10-01,Sales,COGS,201889.8,198588.04,-3301.75999999998,-0.016354268516784804
2025-10-01,Sales,Payroll,186480.0,173950.66,-12529.339999999997,-0.06718865293865292
2025-10-01,Sales,Software,29008.0,31327.83,2319.8300000000017,0.0799720766685053
2025-10-01,Sales,Travel,17404.8,16614.26,-790.5400000000009,-0.04542080345651779
2025-10-01,Sales,Facilities,19684.0,19428.13,-255.86999999999898,-0.012998882340987552
2025-10-01,Sales,Other OpEx,24864.0,26792.98,1928.9799999999996,0.07758124195624194
2025-10-01,Marketing,Revenue,170912.0,165247.98,-5664.0199999999895,-0.03313997846845154
2025-10-01,Marketing,COGS,71783.04,67785.32,-3997.7199999999866,-0.05569170656467025
2025-10-01,Marketing,Payroll,186480.0,190825.91,4345.9100000000035,0.0233049656799657
2025-10-01,Marketing,Software,29008.0,30885.2,1877.2000000000007,0.06471318257032545
2025-10-01,Marketing,Travel,14504.0,15780.28,1276.2800000000007,0.08799503585217876
2025-10-01,Marketing,Facilities,19684.0,20823.2,1139.2000000000007,0.05787441576915265
2025-10-01,Marketing,Other OpEx,24864.0,27577.89,2713.8899999999994,0.10914937258687256
2025-10-01,R&D,Revenue,128184.0,129351.72,1167.7200000000012,0.009109717281407985
2025-10-01,R&D,COGS,53837.28,56684.56,2847.279999999999,0.052886772883028246
2025-10-01,R&D,Payroll,261072.0,244677.91,-16394.089999999997,-0.06279528252742538
2025-10-01,R&D,Software,40611.2,39160.68,-1450.5199999999968,-0.03571724056417926
2025-10-01,R&D,Travel,14504.0,14871.43,367.4300000000003,0.025333011583011603
2025-10-01,R&D,Facilities,19684.0,19251.62,-432.380000000001,-0.021966063808169123
2025-10-01,R&D,Other OpEx,24864.0,26499.27,1635.2700000000004,0.06576858108108109
2025-10-01,Operations,Revenue,106820.0,109668.31,2848.3099999999977,0.026664575922111942
2025-10-01,Operations,COGS,44864.4,46422.31,1557.9099999999962,0.03472485979975206
2025-10-01,Operations,Payroll,186480.0,203025.38,16545.380000000005,0.088724688974689
2025-10-01,Operations,Software,29008.0,29936.09,928.0900000000001,0.031994277440706015
2025-10-01,Operations,Travel,14504.0,14247.85,-256.14999999999964,-0.017660645339216744
2025-10-01,Operations,Facilities,19684.0,19610.06,-73.93999999999869,-0.003756350335297637
2025-10-01,Operations,Other OpEx,24864.0,27078.19,2214.1899999999987,0.08905204311454307
2025-10-01,G&A,Revenue,74774.0,79115.6,4341.600000000006,0.05806296306202698
2025-10-01,G&A,COGS,31405.08,32618.44,1213.359999999997,0.03863578758595733
2025-10-01,G&A,Payroll,186480.0,203291.96,16811.959999999992,0.09015422565422561
2025-10-01,G&A,Software,29008.0,32305.86,3297.8600000000006,0.11368794815223389
2025-10-01,G&A,Travel,14504.0,14864.35,360.35000000000036,0.02484487038058469
2025-10-01,G&A,Facilities,19684.0,20365.02,681.0200000000004,0.03459764275553751
2025-10-01,G&A,Other OpEx,24864.0,23874.25,-989.75,-0.039806547619047616
2025-11-01,Sales,Revenue,485100.0,492041.02,6941.020000000019,0.014308431251288433
2025-11-01,Sales,COGS,203742.0,207941.99,4199.989999999991,0.020614257246910263
2025-11-01,Sales,Payroll,187200.0,194883.73,7683.7300000000105,0.041045566239316295
2025-11-01,Sales,Software,29120.0,26952.05,-2167.9500000000007,-0.07444883241758245
2025-11-01,Sales,Travel,17472.0,19461.73,1989.7299999999996,0.11388106684981683
2025-11-01,Sales,Facilities,19760.0,20218.5,458.5,0.023203441295546558
2025-11-01,Sales,Other OpEx,24960.0,24962.92,2.9199999999982538,0.00011698717948710952
2025-11-01,Marketing,Revenue,172480.0,180436.2,7956.200000000012,0.046128246753246824
2025-11-01,Marketing,COGS,72441.6,76631.31,4189.709999999992,0.05783569109461955
2025-11-01,Marketing,Payroll,187200.0,190608.55,3408.5499999999884,0.018208066239316176
2025-11-01,Marketing,Software,29120.0,30814.71,1694.7099999999991,0.05819745879120876
2025-11-01,Marketing,Travel,14560.0,13587.1,-972.8999999999996,-0.06682005494505493
2025-11-01,Marketing,Facilities,19760.0,20308.2,548.2000000000007,0.027742914979757123
2025-11-01,Marketing,Other OpEx,24960.0,25028.76,68.7599999999984,0.002754807692307628
2025-11-01,R&D,Revenue,129360.0,137745.61,8385.609999999986,0.06482382498453916
2025-11-01,R&D,COGS,54331.2,60238.86,5907.6600000000035,0.10873420796890192
2025-11-01,R&D,Payroll,262080.0,255224.71,-6855.290000000008,-0.026157242063492094
2025-11-01,R&D,Software,40768.0,41364.53,596.5299999999988,0.014632309654631054
2025-11-01,R&D,Travel,14560.0,13764.93,-795.0699999999997,-0.054606456043956024
2025-11-01,R&D,Facilities,19760.0,19893.09,133.09000000000015,0.006735323886639683
2025-11-01,R&D,Other OpEx,24960.0,27035.26,2075.2599999999984,0.08314342948717943
2025-11-01,Operations,Revenue,107800.0,114059.59,6259.5899999999965,0.058066697588126125
2025-11-01,Operations,COGS,45276.0,48096.49,2820.489999999998,0.06229547663221128
2025-11-01,Operations,Payroll,187200.0,184100.52,-3099.4800000000105,-0.016557051282051337
2025-11-01,Operations,Software,29120.0,27905.41,-1214.5900000000001,-0.041709821428571436
2025-11-01,Operations,Travel,14560.0,15194.51,634.5100000000002,0.04357898351648353
2025-11-01,Operations,Facilities,19760.0,21835.87,2075.869999999999,0.1050541497975708
2025-11-01,Operations,Other OpEx,24960.0,23609.47,-1350.5299999999988,-0.054107772435897386
2025-11-01,G&A,Revenue,75460.0,78743.62,3283.6199999999953,0.04351470978001584
2025-11-01,G&A,COGS,31693.2,31953.96,260.7599999999984,0.008227632425883103
2025-11-01,G&A,Payroll,187200.0,179491.35,-7708.649999999994,-0.04117868589743587
2025-11-01,G&A,Software,29120.0,28113.96,-1006.0400000000009,-0.03454807692307695
2025-11-01,G&A,Travel,14560.0,15395.84,835.8400000000001,0.05740659340659342
2025-11-01,G&A,Facilities,19760.0,19452.07,-307.9300000000003,-0.015583502024291512
2025-11-01,G&A,Other OpEx,24960.0,24737.09,-222.90999999999985,-0.008930689102564096
2025-12-01,Sales,Revenue,489510.0,501440.32,11930.320000000007,0.024371963800535242
2025-12-01,Sales,COGS,205594.2,204924.11,-670.0900000000256,-0.003259284551801683
2025-12-01,Sales,Payroll,187920.0,200356.31,12436.309999999998,0.06617874627501064
2025-12-01,Sales,Software,29232.0,27611.28,-1620.7200000000012,-0.055443349753694623
2025-12-01,Sales,Travel,17539.2,17926.71,387.5099999999984,0.022093938149972542
2025-12-01,Sales,Facilities,19836.0,19243.12,-592.880000000001,-0.029889090542448125
2025-12-01,Sales,Other OpEx,25056.0,24042.38,-1013.619999999999,-0.04045418263090673
2025-12-01,Marketing,Revenue,174048.0,176422.4,2374.399999999994,0.013642213642213609
2025-12-01,Marketing,COGS,73100.16,74148.07,1047.9100000000035,0.014335262740875033
2025-12-01,Marketing,Payroll,187920.0,187008.07,-911.929999999993,-0.004852756492124271
2025-12-01,Marketing,Software,29232.0,29310.35,78.34999999999854,0.00268028188286804
2025-12-01,Marketing,Travel,14616.0,14994.11,378.1100000000006,0.02586959496442259
2025-12-01,Marketing,Facilities,19836.0,18882.79,-953.2099999999991,-0.04805454728775958
2025-12-01,Marketing,Other OpEx,25056.0,24075.14,-980.8600000000006,-0.039146711366538973
2025-12-01,R&D,Revenue,130536.0,133898.32,3362.320000000007,0.025757798614941527
2025-12-01,R&D,COGS,54825.12,57220.96,2395.8399999999965,0.04369967635273751
2025-12-01,R&D,Payroll,263088.0,269908.24,6820.239999999991,0.025923797360578933
2025-12-01,R&D,Software,40924.8,44618.33,3693.529999999999,0.0902516322621002
2025-12-01,R&D,Travel,14616.0,15234.87,618.8700000000008,0.042341954022988564
2025-12-01,R&D,Facilities,19836.0,21648.07,1812.0699999999997,0.09135259124823551
2025-12-01,R&D,Other OpEx,25056.0,24217.42,-838.5800000000017,-0.03346823116219675
2025-12-01,Operations,Revenue,108780.0,113010.74,4230.740000000005,0.038892627321198796
2025-12-01,Operations,COGS,45687.6,48975.21,3287.6100000000006,0.07195847450949493
2025-12-01,Operations,Payroll,187920.0,206812.63,18892.630000000005,0.10053549382716052
2025-12-01,Operations,Software,29232.0,28740.16,-491.84000000000015,-0.01682539682539683
2025-12-01,Operations,Travel,14616.0,14367.49,-248.51000000000022,-0.01700259989053094
2025-12-01,Operations,Facilities,19836.0,21909.92,2073.9199999999983,0.10455333736640443
2025-12-01,Operations,Other OpEx,25056.0,24144.68,-911.3199999999997,-0.03637132822477649
2025-12-01,G&A,Revenue,76146.0,81461.18,5315.179999999993,0.0698024847004438
2025-12-01,G&A,COGS,31981.32,35522.28,3540.959999999999,0.11071963258552177
2025-12-01,G&A,Payroll,187920.0,177920.11,-9999.890000000014,-0.05321354831843345
2025-12-01,G&A,Software,29232.0,28292.76,-939.2400000000016,-0.032130541871921235
2025-12-01,G&A,Travel,14616.0,15570.65,954.6499999999996,0.0653154077723043
2025-12-01,G&A,Facilities,19836.0,19278.6,-557.4000000000015,-0.02810042347247436
2025-12-01,G&A,Other OpEx,25056.0,23537.69,-1518.3100000000013,-0.0605966634738187
